first_name,last_name,dateOfBirth,sex,phone,JobTitle,department
Angelo,Gemelli,8/3/2004,Male,(611) 3563301,VP Marketing,Services
Dietrich,Rown,4/11/1980,Male,(320) 4095608,Senior Financial Analyst,Accounting
Mattheus,Goulder,2/22/1974,Male,(685) 8275141,Occupational Therapist,Support
Enoch,Titmuss,3/31/1952,Male,(722) 3507089,Senior Financial Analyst,Legal
Cyndi,Pitone,1/7/1972,Female,(142) 1365693,VP Sales,Services
Jerrylee,Audley,10/7/1999,Female,(772) 3118988,Electrical Engineer,Marketing
Quinton,Bjorkan,8/7/2017,Male,(355) 1557791,Software Test Engineer I,Business Development
Goldina,Coddington,11/16/1995,Female,(789) 7441768,Community Outreach Specialist,Engineering
Jaquelyn,Bills,10/29/2002,Female,(346) 5810513,Associate Professor,Product Management
Vito,Bernot,8/31/1957,Male,(205) 9522595,Data Coordiator,Services
Kevina,Gatty,6/17/2000,Female,(245) 5398087,Administrative Assistant II,Services
Eydie,Rickarsey,2/18/1988,Female,(987) 4533594,Senior Quality Engineer,Marketing
Rudyard,Beadle,7/21/1957,Male,(854) 3323922,Geologist I,Engineering
Ardelis,Swynfen,9/30/2009,Female,(776) 3307988,Civil Engineer,Marketing
Trudi,Lexa,10/17/2003,Female,(416) 2292434,Paralegal,Training
Ethelind,Akaster,12/7/1983,Female,(668) 4133342,GIS Technical Architect,Training
Judon,Gammie,2/6/1981,Male,(545) 2211908,Account Representative I,Sales
Stacia,Burden,8/13/1990,Female,(419) 6567847,Staff Scientist,Marketing
Aurilia,Angrove,2/7/1976,Female,(597) 6112368,Financial Advisor,Marketing
Lelia,Udale,11/10/1989,Female,(218) 1468114,Recruiter,Services
Lionello,Whayman,8/18/2008,Male,(457) 8121335,Mechanical Systems Engineer,Accounting
Nanny,Skeermer,2/18/1951,Female,(189) 6697582,Geologist II,Legal
Marlon,Pavlenkov,11/30/2016,Male,(892) 6456583,Executive Secretary,Product Management
Adrien,Hotson,7/28/1990,Male,(893) 6056404,Operator,Product Management
Klement,Tangye,11/29/1962,Male,(748) 8767665,Marketing Manager,Human Resources
Brit,Stamp,12/28/1982,Male,(824) 1272217,Recruiter,Marketing
Merilee,Behnecken,1/31/1987,Female,(619) 1901701,Assistant Manager,Marketing
Brew,Balm,11/5/1965,Male,(369) 9884671,Safety Technician IV,Engineering
Hilliard,Pina,11/14/1987,Male,(436) 3037262,Junior Executive,Research and Development
Yule,Trevon,4/30/2000,Male,(192) 2437431,Associate Professor,Engineering
Katine,Girth,9/27/1956,Female,(594) 4094142,Structural Analysis Engineer,Accounting
Verine,Ambage,7/25/2015,Female,(418) 8574149,Statistician III,Support
Gui,Maton,1/23/2007,Female,(631) 1027513,Staff Scientist,Product Management
Brittan,Dufton,6/20/1969,Female,(970) 5395579,Account Coordinator,Business Development
Dominic,Rishbrook,4/15/1988,Male,(403) 8083396,General Manager,Business Development
Loren,Greatreax,1/6/1999,Male,(419) 8197283,Account Representative III,Business Development
Bekki,Wipfler,10/1/2008,Female,(523) 1598133,VP Quality Control,Engineering
Vita,Levesley,6/7/1967,Female,(239) 4138952,Payment Adjustment Coordinator,Engineering
Leo,Blagdon,3/27/2000,Male,(609) 3612814,Sales Associate,Support
Theressa,Northedge,9/12/1955,Female,(301) 3732841,Recruiting Manager,Human Resources
Llywellyn,Beining,12/26/2009,Male,(934) 6012488,Tax Accountant,Accounting
Christiano,Klampk,5/11/2014,Male,(988) 2864617,Assistant Manager,Accounting
Rhodie,Garter,2/22/1951,Female,(914) 1416968,Mechanical Systems Engineer,Human Resources
Jacklyn,Briskey,12/12/1975,Female,(838) 1601509,VP Sales,Product Management
Zilvia,Coronas,7/14/1957,Female,(477) 4283831,Administrative Assistant II,Engineering
Susette,Daley,2/11/2001,Female,(820) 9171512,Account Executive,Training
Shelly,Wint,3/17/1951,Female,(463) 3389129,Librarian,Human Resources
Alfie,Durward,11/8/1990,Female,(770) 9506072,Marketing Manager,Training
Louella,Kellart,10/22/2011,Female,(108) 4878885,Mechanical Systems Engineer,Support
Cynthie,Groger,2/4/2001,Female,(502) 9209695,Human Resources Assistant III,Legal
Lethia,Vernazza,4/15/2017,Female,(705) 2066763,Recruiting Manager,Research and Development
Fabiano,Davidge,6/14/1979,Male,(118) 8363300,Assistant Media Planner,Engineering
Phylys,De Meis,1/20/2004,Female,(874) 2617212,Senior Sales Associate,Product Management
Ignacio,Ghilardi,4/4/2000,Male,(656) 7095023,Associate Professor,Product Management
Arin,Blizard,10/20/1968,Male,(160) 6103575,Data Coordiator,Product Management
Georgeta,Moncur,2/25/2004,Female,(722) 4960376,Registered Nurse,Support
Karalee,Zuann,7/1/2015,Female,(727) 5684533,Teacher,Legal
Ellery,Martello,11/9/1953,Male,(988) 1196199,Recruiting Manager,Support
Donielle,Argente,12/25/2006,Female,(917) 2026382,Assistant Professor,Support
Mason,Race,11/14/1969,Male,(830) 1823253,Occupational Therapist,Services
Essy,Spraging,12/6/2010,Female,(347) 2850985,Data Coordiator,Product Management
Hendrick,Dugall,1/15/1975,Male,(447) 4753154,Senior Sales Associate,Support
Charlie,Klimushev,6/21/1975,Male,(260) 1248942,Nuclear Power Engineer,Human Resources
Edmund,Rushsorth,2/3/1962,Male,(259) 3040578,Project Manager,Human Resources
Birk,Grimmolby,10/1/1976,Male,(969) 4491003,Electrical Engineer,Marketing
Brandyn,Samms,2/28/1952,Male,(786) 2861139,Pharmacist,Business Development
Nikki,Beddall,2/20/1987,Female,(887) 7581246,Civil Engineer,Sales
Davie,Raggitt,1/19/1957,Male,(779) 5932739,Occupational Therapist,Support
Eddy,Kasting,8/6/1982,Female,(353) 2445979,Occupational Therapist,Marketing
Tedd,Redholls,10/17/1992,Male,(915) 4045200,Senior Cost Accountant,Human Resources
Ernst,Elmore,9/9/1972,Male,(483) 1562633,Programmer II,Product Management
Katina,Boller,2/25/1972,Female,(962) 6325318,VP Marketing,Marketing
Eugenio,Shieber,8/23/1983,Male,(589) 2386667,Office Assistant IV,Human Resources
Colline,Rizzardini,6/8/1974,Female,(253) 8919383,Research Associate,Support
Rafaelita,Heather,9/23/1979,Female,(389) 3401826,Software Consultant,Legal
Rosaline,Wormstone,12/9/2001,Female,(903) 3172766,Operator,Marketing
Leon,Rabbatts,9/11/2014,Male,(742) 7940866,Account Executive,Engineering
Kat,Frances,8/6/1954,Female,(203) 5958582,Research Associate,Training
Hazel,Volker,9/17/2016,Female,(138) 3051830,Environmental Tech,Product Management
Fredek,Duly,6/7/2008,Male,(898) 4003488,Senior Cost Accountant,Marketing
Debby,Village,5/15/2014,Female,(704) 3767835,Help Desk Operator,Product Management
Deane,Brisson,8/16/1956,Female,(778) 5915996,Director of Sales,Training
Maiga,Snaith,7/11/2003,Female,(276) 4273221,Media Manager IV,Sales
Wilmar,Canon,2/10/1988,Male,(664) 7077457,Community Outreach Specialist,Engineering
Paddy,Stare,4/21/2010,Male,(977) 3715233,Graphic Designer,Engineering
Ninnetta,Pepper,4/26/1990,Female,(596) 1439589,Executive Secretary,Sales
Kris,Shorten,9/11/1968,Female,(414) 3463079,Assistant Professor,Marketing
Heddie,Cham,2/16/1993,Female,(977) 7998390,Budget/Accounting Analyst IV,Business Development
Kennedy,Uridge,1/13/1982,Male,(126) 8393426,Safety Technician II,Research and Development
Shermy,Gehrels,3/2/1958,Male,(332) 8698087,Design Engineer,Accounting
Averell,Slogrove,5/3/1966,Male,(491) 4424519,Marketing Assistant,Services
Chaunce,Hullah,4/19/1953,Male,(627) 9718119,Financial Advisor,Legal
Teressa,Ference,3/13/2012,Female,(700) 9583006,Research Assistant II,Accounting
Bettina,Poge,7/28/2016,Female,(903) 7391072,Software Test Engineer II,Product Management
Tybie,Kift,7/12/2006,Female,(112) 7108727,Assistant Media Planner,Human Resources
Nanine,Melbourn,12/19/1977,Female,(785) 7574843,VP Accounting,Business Development
Alvira,Learoid,6/22/2015,Female,(691) 6787068,Account Executive,Marketing
Virgil,Pitkeathly,7/22/1952,Male,(702) 3076583,Nuclear Power Engineer,Legal
Brion,Petty,1/19/2006,Male,(220) 4840356,Electrical Engineer,Human Resources
Dewain,Edleston,7/23/1965,Male,(459) 6122909,Clinical Specialist,Legal
Sandor,Degoey,9/10/1952,Male,(271) 1396443,Food Chemist,Engineering
Gran,Braidley,1/4/1960,Male,(816) 9264081,Analog Circuit Design manager,Services
Dicky,Peake,11/17/1992,Male,(626) 4013175,Physical Therapy Assistant,Human Resources
Marge,McAnulty,4/22/1979,Female,(876) 1107866,Quality Engineer,Legal
Colene,Harold,9/27/1980,Female,(246) 1114025,Compensation Analyst,Research and Development
Alair,Pettigree,8/18/1985,Male,(907) 5378050,Account Representative IV,Accounting
Kris,Davie,7/29/2012,Male,(284) 5613768,Data Coordiator,Legal
Robinette,Papes,5/2/1963,Female,(189) 8594942,Database Administrator II,Marketing
Wayne,Spilsburie,4/25/1978,Male,(325) 1079987,Research Nurse,Legal
Brett,Moakler,1/24/1985,Female,(155) 4269221,Quality Engineer,Accounting
Jakob,Laister,5/7/1992,Male,(624) 1282574,Pharmacist,Sales
Sela,Dicky,11/28/2004,Female,(486) 7855976,Administrative Officer,Training
Skippy,Lakin,1/10/1958,Male,(815) 8435856,Marketing Assistant,Legal
Ugo,McShee,4/11/2010,Male,(170) 1878836,Software Consultant,Sales
Hy,Korb,12/8/1999,Male,(824) 8675144,Operator,Services
Carlos,Wolfit,3/17/1955,Male,(161) 6550861,Programmer I,Legal
Isidor,Shafe,8/30/1966,Male,(720) 9352987,Staff Scientist,Marketing
Koo,Dunbobin,4/21/1997,Female,(794) 7304061,Editor,Accounting
Royce,Rennix,2/18/1972,Male,(486) 5749012,Compensation Analyst,Legal
Aurthur,Echallier,7/18/1969,Male,(579) 1517688,Help Desk Technician,Accounting
Lian,Munnis,5/12/1985,Female,(432) 8181180,Payment Adjustment Coordinator,Human Resources
Ellene,Kryzhov,7/19/1955,Female,(566) 7433674,Analog Circuit Design manager,Business Development
Kennie,Whiteland,3/31/1979,Male,(171) 8242337,Mechanical Systems Engineer,Support
Glen,Colaco,6/8/1954,Male,(121) 9529034,Engineer III,Research and Development
Jeffrey,Zelner,5/21/2015,Male,(149) 2222538,Teacher,Services
Haily,Wetter,11/14/1999,Male,(335) 5966560,Staff Scientist,Services
Kennett,Occleshaw,11/29/1982,Male,(669) 1213717,Research Nurse,Legal
Lucretia,Rivelin,4/6/1994,Female,(769) 4906405,Database Administrator III,Product Management
Casey,Milkin,10/19/1958,Male,(540) 7314858,Web Developer I,Sales
Denis,Aston,5/11/1957,Male,(427) 3333203,Information Systems Manager,Accounting
Igor,Sarfas,1/24/1975,Male,(637) 9655321,Research Nurse,Research and Development
Lia,Gwyn,6/23/1974,Female,(630) 4857355,Sales Representative,Business Development
Brigitte,Munslow,8/24/2013,Female,(829) 1503236,VP Marketing,Training
Amargo,Yushin,7/9/2012,Female,(154) 2360699,Health Coach IV,Training
Sky,Mayho,4/23/2017,Male,(951) 6821184,Developer II,Product Management
Clint,Dominy,8/21/1992,Male,(270) 2371900,Account Executive,Accounting
Morry,Hawler,5/10/2008,Male,(533) 5457983,Developer I,Human Resources
Ximenez,Tilford,7/20/2014,Male,(307) 1238975,Assistant Manager,Legal
Richard,Hugett,6/17/2005,Male,(287) 2259789,Senior Developer,Human Resources
Gunner,Greenard,3/25/1993,Male,(925) 5344370,Developer IV,Business Development
Paxon,Conerding,2/13/2013,Male,(551) 8467906,Engineer IV,Services
Truda,Tieraney,6/18/1955,Female,(114) 9954459,Analog Circuit Design manager,Research and Development
Averil,Kitchinham,12/30/1960,Female,(325) 3443895,Teacher,Human Resources
Eilis,Stoffer,12/12/1961,Female,(833) 7744281,Health Coach III,Training
Kristoforo,Levet,7/28/1996,Male,(607) 9565924,Software Consultant,Marketing
Issi,Inworth,2/20/1974,Female,(905) 8197974,Human Resources Assistant III,Training
Tobi,Mordecai,5/21/2004,Female,(843) 7257619,Mechanical Systems Engineer,Legal
Clemmie,Shiril,5/15/1953,Male,(353) 4960261,Electrical Engineer,Legal
Ancell,Caldeyroux,5/6/2017,Male,(371) 7176027,Graphic Designer,Product Management
Mariquilla,Scowcraft,11/28/2013,Female,(718) 8046027,Web Developer II,Support
Johannes,McSkeagan,7/4/1979,Male,(851) 9241785,Recruiter,Research and Development
Mari,Jancic,5/4/2011,Female,(210) 8903175,Chemical Engineer,Business Development
Ingemar,Govini,11/24/2005,Male,(977) 4391420,Dental Hygienist,Research and Development
Roley,McAndrew,9/17/1990,Male,(956) 6960230,Quality Control Specialist,Business Development
Graham,Gronw,11/15/1979,Male,(450) 4724722,Legal Assistant,Research and Development
Shalna,Pezey,4/1/2004,Female,(858) 6848589,Chemical Engineer,Engineering
Kylila,Tertre,11/4/2016,Female,(866) 4743766,Research Assistant II,Legal
Mavis,Livingston,1/27/2009,Female,(162) 8956691,Associate Professor,Research and Development
Ellis,Berard,10/29/1953,Male,(376) 4142052,Project Manager,Engineering
Kathe,Elcy,11/28/1976,Female,(598) 7920300,Staff Accountant III,Engineering
Yehudit,Guisot,7/26/1952,Male,(448) 8976718,Payment Adjustment Coordinator,Research and Development
Noelyn,Kennally,5/29/2015,Female,(101) 2212712,Chief Design Engineer,Engineering
Estel,Kidds,3/21/2003,Female,(939) 7628140,Electrical Engineer,Business Development
Guy,Spatoni,1/4/2008,Male,(542) 8714215,Physical Therapy Assistant,Sales
Helenka,Levitt,7/9/1991,Female,(657) 5581020,Cost Accountant,Product Management
Grissel,Cowthard,9/28/1967,Female,(983) 6201099,Executive Secretary,Sales
Merill,Headington,6/21/2012,Male,(549) 7515280,Web Designer I,Services
Demetre,Bushell,6/29/1991,Male,(813) 7928714,Software Test Engineer III,Accounting
Brander,Vince,8/26/2006,Male,(298) 1597774,Professor,Business Development
Colet,Beauchamp,11/22/1982,Male,(420) 5595431,Database Administrator IV,Engineering
Neely,Ilieve,10/28/2001,Female,(941) 7874145,VP Quality Control,Human Resources
Philipa,Neave,12/18/1993,Female,(200) 9815601,Research Assistant III,Business Development
Sinclair,Linebarger,2/27/1987,Male,(456) 2241000,Health Coach II,Legal
Rodd,Turpin,1/31/1970,Male,(601) 3798289,Recruiting Manager,Accounting
Webster,Belbin,2/18/1960,Male,(998) 3511190,Computer Systems Analyst III,Sales
Linnell,Berthouloume,10/15/1996,Female,(849) 5450396,Environmental Tech,Accounting
Eduardo,Aronovitz,1/11/1985,Male,(747) 8223736,Information Systems Manager,Services
Margaret,Newbury,6/1/1973,Female,(282) 4653557,Civil Engineer,Research and Development
Avigdor,Crook,8/7/1991,Male,(813) 9153696,Account Representative IV,Business Development
Hubey,Keppie,11/21/1960,Male,(460) 1868723,Civil Engineer,Support
Jim,Rames,6/6/1951,Male,(816) 9698271,Recruiting Manager,Legal
Pace,Zorer,10/23/2014,Male,(119) 7131002,Civil Engineer,Training
Johnny,Payle,8/5/2008,Male,(427) 4268369,Accounting Assistant III,Human Resources
Obidiah,Neale,7/26/2005,Male,(803) 8136572,Cost Accountant,Human Resources
Leela,Ferneley,4/8/1959,Female,(156) 9788441,Safety Technician III,Human Resources
Jessamine,McNeachtain,7/15/1972,Female,(343) 9789563,Senior Financial Analyst,Services
Pauly,Tordoff,5/23/1967,Female,(139) 2663088,Paralegal,Engineering
Pete,Pumphrey,5/4/1983,Male,(631) 2463251,Account Executive,Legal
Sean,Wastling,12/22/2017,Female,(951) 6111398,Senior Developer,Human Resources
Elwin,Prozescky,3/13/1961,Male,(982) 3655506,Product Engineer,Research and Development
Kelci,Scarlet,4/29/1980,Female,(623) 1446934,Librarian,Services
Valery,Vannoort,4/9/2002,Female,(123) 5958191,Editor,Services
Chickie,Burdge,2/12/2010,Female,(507) 3879144,Tax Accountant,Services
Llywellyn,Benedick,5/20/1974,Male,(344) 4620554,Registered Nurse,Legal
Hilary,Inker,12/12/1986,Male,(553) 7027041,GIS Technical Architect,Product Management
Bern,Mardall,2/1/1994,Male,(815) 1250077,Biostatistician III,Engineering
Lila,Gillis,2/4/2006,Female,(886) 5513714,Budget/Accounting Analyst III,Training
Bertrand,Hardway,10/11/1986,Male,(583) 9173008,Programmer II,Human Resources
Karena,Monshall,4/30/1961,Female,(706) 5540285,Marketing Assistant,Sales
Henderson,Pelz,9/1/1954,Male,(595) 5983401,Media Manager II,Human Resources
Bobbe,Downes,2/3/1955,Female,(119) 6856447,Marketing Assistant,Engineering
Emory,Duxbarry,4/23/1998,Male,(857) 1380235,Professor,Support
Clarisse,Tinmouth,6/19/1971,Female,(661) 7947266,Dental Hygienist,Services
Maryellen,Littlecote,12/22/1954,Female,(934) 7569642,Pharmacist,Engineering
Lavinie,Passey,3/3/1959,Female,(432) 8126283,Assistant Media Planner,Engineering
Nissie,Dunlop,10/21/1962,Female,(216) 4911564,Librarian,Accounting
Ida,Capelen,2/25/1970,Female,(928) 7895081,Web Developer II,Support
Willamina,Barthorpe,12/10/2001,Female,(106) 7325225,General Manager,Support
Cyrille,Storrier,10/3/1958,Male,(906) 8304938,VP Sales,Product Management
Iorgos,Spick,6/7/1987,Male,(786) 8087695,Account Executive,Engineering
Bert,Dutson,11/28/1965,Male,(727) 1693585,Community Outreach Specialist,Marketing
Flora,Vasiliu,8/3/1976,Female,(839) 4094814,Senior Cost Accountant,Services
Lacie,Chipps,4/23/1951,Female,(499) 4911348,Help Desk Technician,Product Management
Ariel,Matthewman,6/10/2011,Male,(340) 8337950,Office Assistant I,Accounting
Ayn,Purselow,10/17/2012,Female,(748) 1923773,Social Worker,Human Resources
Bevin,Tother,10/7/1995,Male,(522) 3677254,Registered Nurse,Business Development
Neall,Lockett,9/14/1999,Male,(671) 4338363,Physical Therapy Assistant,Product Management
Anastasia,Sexty,8/13/1957,Female,(429) 6323891,Payment Adjustment Coordinator,Sales
Lorens,Dorricott,2/18/2014,Male,(291) 7580241,Budget/Accounting Analyst II,Research and Development
Keelia,Moorwood,8/30/2009,Female,(693) 4130325,Associate Professor,Human Resources
Reagan,Eggerton,9/11/2009,Male,(510) 7608391,Occupational Therapist,Human Resources
Sigrid,Ruffy,1/9/1959,Female,(434) 2091265,VP Sales,Human Resources
Calla,Sambeck,2/4/1983,Female,(712) 1625365,Account Representative IV,Sales
Grange,Wayman,10/18/2016,Male,(551) 2969125,Financial Analyst,Support
Gerhardt,Frangione,8/17/1954,Male,(916) 7607286,Assistant Manager,Business Development
Chrissy,Cahen,5/24/2016,Male,(332) 6718171,Help Desk Operator,Accounting
Thebault,Goodie,3/28/1996,Male,(568) 8726180,Developer III,Marketing
Jarret,Randals,5/28/1972,Male,(498) 4411117,Help Desk Technician,Engineering
Powell,Order,3/13/1985,Male,(961) 7797429,Editor,Training
Dael,Pennycuick,11/16/1977,Male,(592) 4006722,Staff Accountant IV,Sales
Urbano,Dormer,10/24/1979,Male,(790) 5470262,Data Coordiator,Product Management
Dewain,Calvard,2/20/1996,Male,(508) 9769532,Software Test Engineer III,Marketing
Sherlocke,Weinberg,4/21/1984,Male,(535) 8626128,Associate Professor,Product Management
Elia,Simmens,5/15/1961,Male,(163) 2747435,Research Assistant IV,Sales
Cher,Drakes,3/7/1979,Female,(381) 7900262,Business Systems Development Analyst,Accounting
Josee,Kemitt,10/23/1950,Female,(192) 4966785,Environmental Tech,Business Development
Tricia,Marguerite,8/6/1977,Female,(542) 3304855,Software Engineer II,Support
Hermie,Bowden,11/23/1978,Male,(272) 3186108,Research Nurse,Legal
Gaylene,Oakland,11/20/1991,Female,(513) 2209023,Help Desk Technician,Research and Development
Seamus,Ziemke,3/17/2002,Male,(766) 7077613,Business Systems Development Analyst,Legal
Marta,Whiffin,11/15/1995,Female,(904) 5671612,Operator,Training
Sander,Flarity,3/3/1994,Male,(102) 8606871,Librarian,Product Management
Breanne,Goady,3/25/2000,Female,(958) 5818999,Business Systems Development Analyst,Accounting
Averill,Ondrousek,12/2/1961,Male,(560) 3549642,Electrical Engineer,Business Development
Burke,Suter,6/26/1960,Male,(871) 1700245,Director of Sales,Business Development
Hilda,Mellon,10/1/2005,Female,(736) 2081644,Clinical Specialist,Human Resources
Shem,Parsisson,6/1/1991,Male,(480) 2853872,Speech Pathologist,Support
Myriam,Roscher,10/3/1967,Female,(171) 4946900,Account Representative II,Product Management
Rod,Ingre,8/24/2009,Male,(559) 8187532,Human Resources Manager,Business Development
Eddy,Pinel,3/26/1966,Female,(487) 3848705,Account Coordinator,Marketing
Ambros,Swyne,10/19/1964,Male,(985) 7399661,Programmer Analyst II,Product Management
Dur,Ladd,5/24/1975,Male,(858) 8760902,Marketing Assistant,Human Resources
Bucky,Magor,4/23/1972,Male,(300) 3211659,Speech Pathologist,Training
Pegeen,Peagram,4/2/2015,Female,(583) 7645707,Food Chemist,Legal
Annaliese,Sleightholme,5/6/1990,Female,(199) 8380002,Web Developer III,Research and Development
Jen,Izac,6/28/1995,Female,(459) 4854881,Legal Assistant,Human Resources
Ag,Spykins,3/19/1959,Female,(640) 3885373,Data Coordiator,Research and Development
Muire,Oakinfold,9/9/1985,Female,(920) 4719009,Product Engineer,Training
Malachi,Skaife,3/6/1981,Male,(140) 2269990,Mechanical Systems Engineer,Marketing
Alameda,Picard,9/7/2000,Female,(734) 6021116,Nuclear Power Engineer,Training
Thoma,Hantusch,9/6/1984,Male,(503) 3233799,Electrical Engineer,Engineering
Anatola,Goodhew,2/13/1976,Female,(467) 3520502,Social Worker,Accounting
Lionel,Wintersgill,5/18/1980,Male,(540) 8266328,Administrative Assistant IV,Training
Rivalee,Adriano,9/12/2006,Female,(866) 2556517,Senior Developer,Services
Mag,Kirstein,9/26/1979,Female,(489) 5125579,Paralegal,Engineering
Jerrome,Merryweather,8/25/1994,Male,(505) 3104121,Nurse Practicioner,Accounting
Mario,McGettrick,7/31/1991,Male,(792) 3200860,Office Assistant IV,Training
Joelie,Ing,1/19/1963,Female,(777) 7112899,Senior Cost Accountant,Marketing
Jere,Chitty,4/4/1997,Male,(662) 7400509,Engineer II,Research and Development
Genovera,Burcher,1/2/1954,Female,(403) 6743498,Assistant Media Planner,Sales
Lesli,Tremellier,10/13/2004,Female,(161) 4782421,Tax Accountant,Training
Osborne,Stancliffe,5/21/1976,Male,(990) 3076167,Financial Advisor,Sales
Gery,Pariss,7/20/1983,Male,(902) 3050881,Database Administrator III,Legal
Caritta,Taffe,4/1/2007,Female,(566) 1929371,GIS Technical Architect,Support
Batsheva,Cudworth,11/25/1973,Female,(260) 8927791,Nurse,Product Management
Arv,Batey,5/21/1956,Male,(441) 1414316,Cost Accountant,Research and Development
Evvie,Angless,1/30/1958,Female,(619) 8288611,Clinical Specialist,Engineering
Elden,Habbergham,6/6/1970,Male,(946) 9083436,Graphic Designer,Services
Lesya,Mabley,9/18/1985,Female,(334) 2513122,Senior Quality Engineer,Services
Yasmin,Burberow,3/22/2009,Female,(143) 6864839,Budget/Accounting Analyst IV,Human Resources
Jilleen,Songest,10/9/1991,Female,(281) 8585464,Chief Design Engineer,Marketing
Linette,Bushen,2/2/1953,Female,(595) 4020370,Physical Therapy Assistant,Product Management
Dyanne,Scargle,4/29/1962,Female,(422) 1251811,Marketing Manager,Human Resources
Delmar,Clarabut,9/10/2003,Male,(671) 9083646,Physical Therapy Assistant,Sales
Karly,Noye,10/8/1962,Female,(755) 7943501,Administrative Officer,Human Resources
Alika,Scaysbrook,3/11/1983,Female,(219) 7353741,Senior Cost Accountant,Training
Ode,Carrington,2/13/1989,Male,(489) 5885728,Cost Accountant,Legal
Jessa,Ramelot,10/4/2007,Female,(306) 8463965,Accountant IV,Product Management
Dru,Goodread,9/1/1965,Male,(869) 2702651,Mechanical Systems Engineer,Engineering
Morly,Cubley,11/24/1951,Male,(212) 2629974,Technical Writer,Accounting
Morrie,Mueller,6/27/2015,Male,(556) 5955583,Assistant Professor,Training
Willi,Higgan,4/7/1991,Male,(538) 1006028,Account Executive,Legal
Catriona,Jambrozek,11/9/2011,Female,(274) 3937764,Senior Financial Analyst,Sales
Lola,Brando,10/21/2008,Female,(139) 9281806,Programmer Analyst III,Training
Shirley,Iacobetto,6/29/1950,Female,(691) 7291302,Professor,Legal
Natividad,Tolemache,1/19/1976,Female,(126) 6187149,Assistant Media Planner,Sales
Margaux,Swindle,4/30/1963,Female,(247) 1873099,Editor,Product Management
Viviana,Fiske,6/29/1964,Female,(620) 3802070,Legal Assistant,Services
Gerald,Keene,3/4/1964,Male,(174) 7089174,Account Coordinator,Business Development
Georgia,Burney,8/18/2013,Female,(869) 8265554,Civil Engineer,Accounting
Kirby,Boeter,8/9/2012,Female,(518) 1620691,Human Resources Assistant II,Sales
Gerta,Gierck,4/4/2005,Female,(380) 6316792,Junior Executive,Research and Development
Maiga,Ballinghall,11/15/2011,Female,(869) 5581647,Database Administrator III,Training
Berte,Licciardi,11/19/1952,Female,(130) 8685567,Staff Accountant IV,Marketing
Rube,Perfili,9/30/2010,Male,(813) 3270368,Food Chemist,Human Resources
Ray,Munkley,2/15/2010,Female,(125) 1222383,Sales Associate,Training
Davine,Riccelli,10/12/1964,Female,(404) 1657943,Staff Accountant III,Accounting
Isaac,Ehrat,9/9/1959,Male,(575) 6688617,Actuary,Human Resources
Hew,Readings,5/4/1962,Male,(845) 9103449,Legal Assistant,Research and Development
Taite,Golda,5/1/1962,Male,(753) 1045750,Analyst Programmer,Research and Development
Gasper,Campa,11/18/1981,Male,(971) 8192756,Data Coordiator,Support
Carlye,Cleugher,6/15/1993,Female,(624) 2270078,Human Resources Manager,Engineering
Kristin,Copestake,9/19/2006,Female,(812) 7254738,Paralegal,Support
Claudette,Moger,1/7/1958,Female,(194) 3405286,Payment Adjustment Coordinator,Human Resources
Rosaline,Hamflett,3/24/1967,Female,(120) 9351395,Help Desk Operator,Services
Trudi,Witul,3/9/1985,Female,(211) 9732647,Operator,Sales
Jacqui,Keyes,11/8/1984,Female,(258) 2510198,Human Resources Assistant I,Accounting
Quintana,Jerrim,9/27/1979,Female,(122) 3741131,Librarian,Services
Melicent,Tussaine,1/8/2007,Female,(919) 6833685,Cost Accountant,Legal
Ephrem,Wretham,2/28/1998,Male,(641) 7385365,Internal Auditor,Engineering
Boycey,Shedden,8/24/1958,Male,(668) 9278030,Office Assistant II,Sales
Priscilla,Postill,6/27/1971,Female,(635) 5757833,Account Representative IV,Research and Development
Teodorico,Kynoch,11/16/2015,Male,(271) 8205013,Structural Engineer,Business Development
Flora,Paladino,4/24/1999,Female,(237) 3798623,Nuclear Power Engineer,Training
Orv,Neve,9/19/1968,Male,(684) 8555884,Mechanical Systems Engineer,Product Management
Harley,Saterweyte,5/6/1956,Female,(733) 2949339,Civil Engineer,Product Management
Rafaello,Anmore,8/16/2007,Male,(992) 2963716,Librarian,Product Management
Elwyn,Mingaye,7/26/1953,Male,(885) 7415390,Account Executive,Accounting
Thatch,Hemphill,12/20/1966,Male,(214) 9956389,Assistant Media Planner,Legal
Pebrook,Cappell,11/14/1979,Male,(646) 1173383,Recruiting Manager,Training
Patricio,MacAulay,7/6/1996,Male,(374) 7849220,Developer III,Training
Linzy,Norridge,11/3/1965,Female,(275) 4797866,Human Resources Manager,Accounting
Bernelle,Legendre,5/17/1976,Female,(237) 3925075,Senior Developer,Sales
Thain,Ricardon,3/12/2004,Male,(933) 9158778,Senior Editor,Human Resources
Levey,McLurg,9/17/1991,Male,(594) 2370145,Senior Quality Engineer,Legal
Lazare,MacDunleavy,9/26/1951,Male,(589) 4136717,Biostatistician II,Human Resources
Derrek,Dulake,11/1/1963,Male,(879) 9258381,Professor,Services
Peder,Larratt,1/10/1974,Male,(439) 3174428,Payment Adjustment Coordinator,Support
Thaddeus,Backson,11/19/1955,Male,(277) 2242728,Cost Accountant,Human Resources
Tabbatha,Howatt,3/17/1986,Female,(787) 7492598,Dental Hygienist,Training
Lonna,Lindborg,5/20/1973,Female,(712) 5049928,Administrative Officer,Human Resources
Rudolph,Peiser,5/28/1967,Male,(263) 3775656,Administrative Officer,Training
Belvia,Demko,2/13/1974,Female,(574) 2140454,Automation Specialist IV,Support
Wenona,Nanni,7/29/1967,Female,(823) 9838040,Recruiter,Support
Clarey,Elderton,8/21/1974,Female,(301) 9019764,Quality Engineer,Legal
Arel,Gaunt,1/23/1995,Male,(149) 5720763,Financial Analyst,Business Development
Jackelyn,Abbet,5/1/1992,Female,(547) 7635399,Recruiter,Accounting
Desi,Hockell,8/19/1993,Male,(276) 7824678,Web Designer I,Sales
Rafaelia,Gianolini,10/1/2011,Female,(527) 8950299,Associate Professor,Engineering
Ferris,Purchall,11/24/2014,Male,(913) 1986075,Design Engineer,Engineering
Frances,Comizzoli,9/3/1995,Female,(845) 2341036,Senior Quality Engineer,Business Development
Frazier,Deverale,9/24/1971,Male,(373) 8053537,Food Chemist,Sales
Hew,Nutkins,11/28/1998,Male,(862) 7298995,VP Accounting,Marketing
Adamo,Albury,6/28/1962,Male,(459) 5093022,VP Marketing,Product Management
Adela,Caulliere,8/9/1990,Female,(329) 5554577,Assistant Professor,Research and Development
Katee,Ewell,6/13/2004,Female,(251) 7864213,Project Manager,Human Resources
Artemis,Scotland,6/16/2017,Male,(194) 3815304,VP Quality Control,Human Resources
Sheena,Laundon,1/22/1992,Female,(976) 9153062,Research Assistant III,Product Management
Stefanie,Stut,3/10/2010,Female,(640) 4990595,Developer I,Support
Judon,Edwinson,12/12/1993,Male,(501) 8887346,Physical Therapy Assistant,Product Management
Gerri,Axleby,4/19/1978,Female,(631) 8104471,Research Nurse,Accounting
Ashley,Ceschini,10/18/1981,Male,(709) 2737576,Senior Quality Engineer,Services
Jaime,Flemyng,12/12/2003,Female,(106) 5532162,Clinical Specialist,Business Development
Levon,Horsell,3/11/1989,Male,(140) 5360326,Graphic Designer,Human Resources
Rosella,Spyer,9/27/1966,Female,(624) 4116827,Physical Therapy Assistant,Sales
Pierrette,Sugge,9/7/1999,Female,(534) 2173874,Administrative Assistant IV,Sales
Marylynne,Gilderoy,6/11/2003,Female,(138) 8143516,Programmer Analyst I,Accounting
Winifred,Tamplin,11/26/1969,Female,(866) 8465311,Information Systems Manager,Training
Sammy,Fassan,2/24/1993,Male,(588) 7789873,Systems Administrator IV,Support
Elli,Liggons,1/12/2001,Female,(787) 7747156,Office Assistant II,Marketing
Abby,Ivanilov,2/3/1968,Female,(668) 1971482,Recruiter,Business Development
Wendye,Sexcey,10/26/2002,Female,(928) 6572338,VP Sales,Business Development
Darline,Kesper,5/1/1968,Female,(801) 8478679,Human Resources Manager,Marketing
Terese,Abrey,10/18/1957,Female,(385) 9057866,Nuclear Power Engineer,Training
Jeramie,Cranmer,4/5/1952,Male,(735) 2957974,Geological Engineer,Training
Dori,Quennell,3/19/1955,Female,(222) 3591493,Software Test Engineer IV,Engineering
Ulric,Konneke,6/7/1994,Male,(735) 8784957,Professor,Sales
Rorie,Clell,7/19/1975,Female,(644) 4373862,Associate Professor,Sales
Gregoor,Thandi,12/21/1968,Male,(850) 4388360,Community Outreach Specialist,Engineering
Westleigh,Kinavan,12/11/1984,Male,(540) 8312366,Computer Systems Analyst IV,Product Management
Prue,Chivers,10/7/1989,Female,(599) 1047339,Database Administrator II,Research and Development
Averyl,Sherr,10/10/1965,Female,(343) 1033763,Physical Therapy Assistant,Engineering
Brunhilde,Kemp,12/22/1970,Female,(179) 9229860,Staff Accountant II,Research and Development
Sanders,Rubanenko,2/24/1987,Male,(341) 5885779,Geologist IV,Legal
Jordan,Nester,10/4/2012,Female,(282) 8239790,Registered Nurse,Services
Carleton,Cowley,12/30/2008,Male,(886) 8587147,Structural Engineer,Support
Korey,Dutnell,12/18/2004,Male,(961) 5035417,Project Manager,Human Resources
Tony,Wernher,9/7/2012,Female,(766) 4555579,Business Systems Development Analyst,Training
Shane,Deane,8/16/1953,Male,(810) 8119186,Geological Engineer,Business Development
Pegeen,Buggs,3/14/1969,Female,(400) 4683244,VP Sales,Sales
Katusha,Sallnow,4/4/1985,Female,(301) 8980247,Environmental Tech,Research and Development
Lena,Loveday,9/21/2005,Female,(520) 8042860,Account Executive,Legal
Grantham,Gibbe,6/12/2000,Male,(559) 1714619,Research Assistant I,Research and Development
Teirtza,Kapelhoff,7/1/1976,Female,(974) 3161166,Editor,Services
Dennison,Haseley,2/16/1969,Male,(225) 7759436,Nurse Practicioner,Engineering
Noby,Dormon,10/29/1955,Male,(855) 2897875,Sales Associate,Legal
Land,Edes,1/29/1952,Male,(457) 6596720,Geological Engineer,Product Management
Uriah,Edgeon,3/31/1966,Male,(405) 9999786,Database Administrator II,Support
Adelaide,Heine,7/7/2001,Female,(733) 5852187,Accountant II,Support
Russ,Chipman,12/25/1954,Male,(760) 4634594,Technical Writer,Services
Benjamin,Figgs,7/25/1998,Male,(954) 7267905,Research Associate,Legal
Iggy,Jovasevic,4/4/1993,Male,(130) 5995941,Associate Professor,Human Resources
Kora,Peterson,6/18/1969,Female,(687) 1345556,Account Representative II,Legal
Lorne,Deveril,9/18/1963,Male,(112) 9138533,Mechanical Systems Engineer,Business Development
Carleton,Gashion,7/27/1991,Male,(659) 7594841,Occupational Therapist,Legal
Aliza,I'anson,8/2/2002,Female,(617) 8983866,VP Quality Control,Human Resources
Thomasin,Rosewell,7/25/2008,Female,(420) 3679609,Executive Secretary,Business Development
Laurena,Ratchford,7/19/2015,Female,(585) 1242806,Research Assistant II,Human Resources
Ashbey,O'Cridigan,7/5/1963,Male,(421) 8116478,Associate Professor,Services
Brandon,Woodburn,11/14/1984,Male,(609) 3181297,VP Sales,Support
Annabela,Tregust,7/9/1950,Female,(367) 5562568,Actuary,Legal
Aldridge,Presnail,9/14/2002,Male,(636) 6043880,Data Coordiator,Engineering
Freddi,Theodoris,2/23/1996,Female,(443) 9476739,Paralegal,Services
Corey,Callacher,10/14/2017,Female,(426) 7936525,Computer Systems Analyst I,Training
Nicolina,Harflete,8/25/1982,Female,(959) 8724337,Administrative Assistant II,Marketing
Dell,Kleinholz,5/26/1959,Female,(661) 1989224,Systems Administrator III,Research and Development
Corrie,McKennan,5/6/1966,Male,(725) 8650227,Data Coordiator,Services
Mildrid,Shuter,6/24/1979,Female,(189) 3980593,Accountant IV,Research and Development
Ricky,Worlock,9/20/2010,Male,(215) 9754297,Project Manager,Training
Kitti,Pegden,12/23/1956,Female,(984) 1084013,Human Resources Manager,Business Development
Jamie,Torres,7/27/2008,Male,(216) 3534957,Director of Sales,Accounting
Amelie,Carnoghan,11/26/1987,Female,(407) 4116942,Environmental Tech,Research and Development
Bel,Frenzel;,8/30/1957,Female,(336) 6855524,Structural Analysis Engineer,Engineering
Damaris,Graben,1/9/2007,Female,(832) 4367817,Business Systems Development Analyst,Human Resources
Lorilyn,Lomath,1/4/1965,Female,(464) 1704163,Technical Writer,Product Management
Imojean,Terrelly,12/19/1975,Female,(759) 9069761,Research Nurse,Engineering
Bank,Gorhardt,12/17/1973,Male,(192) 2819292,VP Product Management,Product Management
Katerine,Segges,10/4/1982,Female,(967) 2687994,Help Desk Operator,Engineering
Adorne,Janca,12/10/1977,Female,(591) 5422108,Account Representative IV,Training
Lilli,Dyett,3/9/1974,Female,(852) 7756222,VP Accounting,Human Resources
Thor,Spohrmann,3/27/1990,Male,(578) 5438745,Paralegal,Business Development
Gilly,Itzig,1/17/1975,Female,(242) 8869406,Automation Specialist I,Services
Nick,Goolden,7/22/1980,Male,(910) 5887023,Librarian,Marketing
Laughton,Hayes,5/3/2016,Male,(330) 4151994,Cost Accountant,Human Resources
Gillian,Bonifant,10/31/1987,Female,(609) 1376682,Senior Quality Engineer,Services
Rutherford,Hugonnet,7/8/1997,Male,(240) 5006152,Senior Quality Engineer,Support
Tory,Varnam,6/11/1980,Female,(165) 9007078,Senior Sales Associate,Services
Abey,Espinel,8/3/1968,Male,(846) 5468491,Project Manager,Support
Kendall,Tanser,7/21/1966,Male,(386) 9348656,Nurse,Human Resources
Xavier,Jindrich,6/1/1982,Male,(490) 6695100,Dental Hygienist,Legal
Horatio,Atkirk,4/7/2016,Male,(906) 1597459,Help Desk Technician,Accounting
Wilton,Dearn,12/17/2000,Male,(185) 2486413,Senior Cost Accountant,Marketing
Addison,Jacqueme,11/11/1988,Male,(822) 1386508,Web Designer II,Sales
Lucretia,Gilkes,4/8/2004,Female,(852) 2025562,Environmental Tech,Business Development
Godfree,Moggie,4/16/1991,Male,(689) 4055260,Computer Systems Analyst III,Engineering
Sonya,Lampet,2/6/1959,Female,(336) 6866672,VP Product Management,Human Resources
Cherianne,Eppson,11/7/1999,Female,(750) 4556427,Media Manager IV,Sales
Mordecai,Iskov,6/15/1971,Male,(548) 3748185,Marketing Manager,Human Resources
Morissa,Louw,5/19/2001,Female,(546) 7959459,Office Assistant I,Training
Nelia,Terrans,4/30/1958,Female,(163) 4848292,Account Representative III,Sales
Suzanne,Dungey,1/17/2014,Female,(388) 7643043,Desktop Support Technician,Support
Julia,Yakunikov,4/19/1969,Female,(615) 5292211,General Manager,Accounting
Hally,Cotter,4/21/2004,Female,(779) 2319414,Office Assistant II,Engineering
Leonid,Iles,11/6/1982,Male,(591) 3992699,Human Resources Manager,Marketing
Estele,Van de Castele,2/2/1970,Female,(894) 9218523,Senior Cost Accountant,Legal
Georgetta,Priestner,9/12/1966,Female,(781) 8147462,Tax Accountant,Engineering
Ebba,Grassett,8/6/2012,Female,(134) 4795291,Senior Financial Analyst,Training
Gunar,MacCleod,2/21/1992,Male,(723) 1474016,Account Coordinator,Support
Arvy,Bloan,5/1/1954,Male,(625) 4590680,Desktop Support Technician,Marketing
Ardyth,Hutt,11/12/1976,Female,(280) 4224125,Marketing Assistant,Accounting
Edie,Prestie,8/30/1967,Female,(541) 5713236,Software Engineer II,Support
Ephrem,Bennallck,11/4/1985,Male,(817) 1134809,Professor,Training
Gannie,Bentham,7/13/2008,Male,(592) 8031935,Software Consultant,Marketing
Dar,Asel,9/12/2002,Male,(495) 9016231,Director of Sales,Training
Adi,Lyal,5/17/2017,Female,(586) 9336173,Software Engineer I,Engineering
Galvan,Ragbourn,12/24/1967,Male,(211) 8985191,Payment Adjustment Coordinator,Human Resources
Dylan,Yateman,5/26/2000,Male,(773) 6926393,Assistant Professor,Human Resources
Madelon,Happert,3/25/1976,Female,(715) 9510508,Nurse Practicioner,Sales
Osbourne,MacFaell,1/28/2017,Male,(191) 2760944,Actuary,Human Resources
Moore,Couch,8/28/1993,Male,(863) 5236393,Senior Sales Associate,Product Management
Stan,Devlin,7/15/1962,Male,(441) 8468231,Recruiter,Product Management
Bettina,Mathewes,9/17/1954,Female,(918) 4448943,Compensation Analyst,Support
Lola,Fettis,11/25/1979,Female,(921) 8058775,Mechanical Systems Engineer,Accounting
Steffi,Chasney,11/28/1952,Female,(378) 4415161,Staff Scientist,Product Management
Shelli,Roust,10/28/2016,Female,(772) 6987547,Office Assistant III,Training
Judah,Baumford,4/6/1955,Male,(674) 2931068,Analyst Programmer,Accounting
Benton,Tillyer,3/19/1966,Male,(114) 2834201,Environmental Specialist,Human Resources
Berenice,Leving,5/4/1997,Female,(124) 2455394,Senior Editor,Legal
Rubin,Dampney,1/20/1982,Male,(566) 1769161,Pharmacist,Human Resources
Rodge,Angier,9/20/1964,Male,(630) 8819387,Nurse,Human Resources
Alysa,Handforth,1/21/1992,Female,(598) 9566455,Compensation Analyst,Legal
Hall,Runcie,2/2/2015,Male,(130) 5050939,Senior Financial Analyst,Services
Ferne,Levay,9/1/2013,Female,(119) 5842379,Environmental Specialist,Sales
Vinny,Downing,5/5/2018,Male,(123) 6612411,VP Quality Control,Sales
Dana,Cheeseman,10/19/1993,Male,(936) 9624919,Geologist IV,Training
Eleanora,Cooke,4/22/1972,Female,(836) 7114288,GIS Technical Architect,Engineering
Arlette,Scaddon,3/21/1957,Female,(115) 5350976,Structural Engineer,Sales
Juli,Bedford,3/30/2009,Female,(801) 4518644,Analyst Programmer,Product Management
Eward,Colston,5/20/1981,Male,(528) 1734078,Librarian,Training
Aleece,Mitchelson,1/26/2011,Female,(740) 9367213,Structural Analysis Engineer,Human Resources
Griffie,Fensome,7/7/1975,Male,(113) 6584380,Occupational Therapist,Business Development
Alayne,Collins,8/25/2002,Female,(681) 7422366,Teacher,Services
Kassie,Vasyutochkin,7/14/1962,Female,(925) 4954251,Project Manager,Support
Marsh,Farthing,7/29/2001,Male,(472) 3426791,Sales Representative,Engineering
Benny,Wixey,3/23/1987,Male,(288) 6345311,Executive Secretary,Services
Durant,Ralls,4/25/1997,Male,(375) 4756642,Engineer IV,Support
Ivette,Eate,7/5/1976,Female,(540) 2473131,Associate Professor,Research and Development
Enrico,Pollett,2/28/1956,Male,(265) 9738139,Food Chemist,Legal
Karie,Newvell,7/12/1976,Female,(416) 4548201,Executive Secretary,Services
Mireille,Bracer,1/2/2007,Female,(957) 1390550,Recruiter,Training